{
  "a/bedrock_claude-haiku-4.5-arn": {
    "n": 135,
    "D_ret": 0.9925925925925926,
    "D_acc": 0.9777777777777777,
    "avg_precision": 0.2201831449694861,
    "avg_recall": 0.2871129413668448,
    "avg_f1": 0.22082106432426724,
    "avg_search_calls": 7.029629629629629,
    "avg_read_calls": 11.962962962962964,
    "per_folder": {
      "k-1-d-1": {
        "n": 5,
        "D_ret": 1.0,
        "D_acc": 1.0,
        "avg_precision": 0.10509803921568628,
        "avg_recall": 1.0,
        "avg_f1": 0.18845598845598846,
        "avg_search_calls": 1.0,
        "avg_read_calls": 6.2
      },
      "k-2-d-1": {
        "n": 5,
        "D_ret": 1.0,
        "D_acc": 0.8,
        "avg_precision": 0.06635087719298247,
        "avg_recall": 0.3671428571428571,
        "avg_f1": 0.1114791611517986,
        "avg_search_calls": 5.2,
        "avg_read_calls": 5.0
      },
      "k-2-d-3": {
        "n": 10,
        "D_ret": 1.0,
        "D_acc": 1.0,
        "avg_precision": 0.28676740089975383,
        "avg_recall": 0.5258333333333334,
        "avg_f1": 0.36277405550432235,
        "avg_search_calls": 3.1,
        "avg_read_calls": 8.7
      },
      "k-2-d-4": {
        "n": 10,
        "D_ret": 1.0,
        "D_acc": 1.0,
        "avg_precision": 0.1253148113567368,
        "avg_recall": 0.24853896103896106,
        "avg_f1": 0.15587503866887814,
        "avg_search_calls": 6.2,
        "avg_read_calls": 10.9
      },
      "k-3-d-1": {
        "n": 5,
        "D_ret": 1.0,
        "D_acc": 1.0,
        "avg_precision": 0.23733333333333334,
        "avg_recall": 0.49777777777777776,
        "avg_f1": 0.3166725611553197,
        "avg_search_calls": 3.0,
        "avg_read_calls": 7.0
      },
      "k-3-d-3": {
        "n": 10,
        "D_ret": 1.0,
        "D_acc": 1.0,
        "avg_precision": 0.29593414918414923,
        "avg_recall": 0.2774915824915825,
        "avg_f1": 0.2703058538977462,
        "avg_search_calls": 7.4,
        "avg_read_calls": 15.8
      },
      "k-3-d-4": {
        "n": 10,
        "D_ret": 1.0,
        "D_acc": 1.0,
        "avg_precision": 0.245789274049304,
        "avg_recall": 0.26535353535353534,
        "avg_f1": 0.2312117502500899,
        "avg_search_calls": 6.2,
        "avg_read_calls": 11.0
      },
      "k-4-d-3": {
        "n": 10,
        "D_ret": 1.0,
        "D_acc": 1.0,
        "avg_precision": 0.2510367525041741,
        "avg_recall": 0.3038015873015873,
        "avg_f1": 0.27358109319133417,
        "avg_search_calls": 6.0,
        "avg_read_calls": 12.1
      },
      "k-4-d-4": {
        "n": 10,
        "D_ret": 0.9,
        "D_acc": 0.9,
        "avg_precision": 0.2202142857142857,
        "avg_recall": 0.17744017556517558,
        "avg_f1": 0.18887800247388675,
        "avg_search_calls": 9.8,
        "avg_read_calls": 13.5
      },
      "k-5-d-3": {
        "n": 10,
        "D_ret": 1.0,
        "D_acc": 1.0,
        "avg_precision": 0.2723854016354016,
        "avg_recall": 0.22514319014319012,
        "avg_f1": 0.23842533053487114,
        "avg_search_calls": 8.2,
        "avg_read_calls": 13.9
      },
      "k-5-d-4": {
        "n": 10,
        "D_ret": 1.0,
        "D_acc": 0.9,
        "avg_precision": 0.21572362363281683,
        "avg_recall": 0.19016614558281225,
        "avg_f1": 0.19776892451811368,
        "avg_search_calls": 8.5,
        "avg_read_calls": 13.9
      },
      "k-6-d-3": {
        "n": 10,
        "D_ret": 1.0,
        "D_acc": 1.0,
        "avg_precision": 0.2970727258852259,
        "avg_recall": 0.27487077737077736,
        "avg_f1": 0.2836470359339628,
        "avg_search_calls": 6.1,
        "avg_read_calls": 14.0
      },
      "k-6-d-4": {
        "n": 10,
        "D_ret": 1.0,
        "D_acc": 1.0,
        "avg_precision": 0.1360311245640587,
        "avg_recall": 0.13302721583971583,
        "avg_f1": 0.12559764697077785,
        "avg_search_calls": 9.3,
        "avg_read_calls": 15.7
      },
      "k-7-d-3": {
        "n": 10,
        "D_ret": 1.0,
        "D_acc": 1.0,
        "avg_precision": 0.28971930518704714,
        "avg_recall": 0.17984256484256483,
        "avg_f1": 0.21202636296375904,
        "avg_search_calls": 9.9,
        "avg_read_calls": 12.0
      },
      "k-7-d-4": {
        "n": 10,
        "D_ret": 1.0,
        "D_acc": 1.0,
        "avg_precision": 0.13209247760410758,
        "avg_recall": 0.14205532212885155,
        "avg_f1": 0.1326894180883124,
        "avg_search_calls": 9.6,
        "avg_read_calls": 10.9
      }
    }
  }
}