{
  "a/bedrock_claude-haiku-4.5-arn": {
    "cost_usd": {
      "mean": 0.410955013986014,
      "p50": 0.31887899999999997,
      "p90": 0.8823770000000001,
      "n": 143
    },
    "time_s": {
      "mean": 103.34307511036212,
      "p50": 97.12787055969238,
      "p90": 174.9459466934204,
      "n": 143
    },
    "tool_calls": {
      "mean": 22.321678321678323,
      "p50": 24,
      "p90": 32,
      "n": 143
    },
    "total_cost_usd": 58.766567,
    "n": 143
  }
}