{
  "a/bedrock_claude-haiku-4.5-arn": {
    "cost_usd": {
      "mean": 0.4353079037037037,
      "p50": 0.34599199999999997,
      "p90": 0.891887,
      "n": 135
    },
    "time_s": {
      "mean": 109.46709181644299,
      "p50": 100.29272031784058,
      "p90": 190.64542984962463,
      "n": 135
    },
    "tool_calls": {
      "mean": 23.644444444444446,
      "p50": 25,
      "p90": 32,
      "n": 135
    },
    "total_cost_usd": 58.766567,
    "n": 135
  }
}