{
  "a/bedrock_qwen3-235b-arn": {
    "cost_usd": {
      "mean": 0.0,
      "p50": 0.0,
      "p90": 0.0,
      "n": 4
    },
    "time_s": {
      "mean": 1.7786707878112793,
      "p50": 1.1947309970855713,
      "p90": 5.919952154159546,
      "n": 4
    },
    "tool_calls": {
      "mean": 6.25,
      "p50": 10,
      "p90": 15,
      "n": 4
    },
    "total_cost_usd": 0.0,
    "n": 4
  },
  "a/us.anthropic.claude-haiku-4-5-20251001-v1_0": {
    "cost_usd": {
      "mean": 0.23398639999999998,
      "p50": 0.15376599999999999,
      "p90": 0.46063200000000004,
      "n": 5
    },
    "time_s": {
      "mean": 1.5739483833312988,
      "p50": 1.5632469654083252,
      "p90": 2.420628070831299,
      "n": 5
    },
    "tool_calls": {
      "mean": 20.6,
      "p50": 17,
      "p90": 32,
      "n": 5
    },
    "total_cost_usd": 1.169932,
    "n": 5
  },
  "b/arn_aws_bedrock_us-east-1_920736616554_application-inference-profile_amvc10gdnvg8": {
    "cost_usd": {
      "mean": 0.0,
      "p50": 0.0,
      "p90": 0.0,
      "n": 6
    },
    "time_s": {
      "mean": 0.4508043130238851,
      "p50": 0.15065813064575195,
      "p90": 1.261260747909546,
      "n": 6
    },
    "tool_calls": {
      "mean": 11.666666666666666,
      "p50": 0,
      "p90": 35,
      "n": 6
    },
    "total_cost_usd": 0.0,
    "n": 6
  },
  "b/bedrock_qwen3-235b-arn": {
    "cost_usd": {
      "mean": 0.15370003333333335,
      "p50": 0.0,
      "p90": 0.81815508,
      "n": 6
    },
    "time_s": {
      "mean": 3.5956168174743652,
      "p50": 4.542095899581909,
      "p90": 7.31398606300354,
      "n": 6
    },
    "tool_calls": {
      "mean": 16.166666666666668,
      "p50": 16,
      "p90": 34,
      "n": 6
    },
    "total_cost_usd": 0.9222002,
    "n": 6
  },
  "b/us.anthropic.claude-haiku-4-5-20251001-v1_0": {
    "cost_usd": {
      "mean": 0.46591380000000004,
      "p50": 0.30462500000000003,
      "p90": 1.018781,
      "n": 10
    },
    "time_s": {
      "mean": 1.7005239486694337,
      "p50": 1.6399431228637695,
      "p90": 2.659202814102173,
      "n": 10
    },
    "tool_calls": {
      "mean": 25.6,
      "p50": 29,
      "p90": 35,
      "n": 10
    },
    "total_cost_usd": 4.6591380000000004,
    "n": 10
  },
  "baseline/us.anthropic.claude-haiku-4-5-20251001-v1_0": {
    "cost_usd": {
      "mean": 0.6035980000000001,
      "p50": 0.6789900000000001,
      "p90": 0.6789900000000001,
      "n": 2
    },
    "time_s": {
      "mean": 1.769881010055542,
      "p50": 1.8015201091766357,
      "p90": 1.8015201091766357,
      "n": 2
    },
    "tool_calls": {
      "mean": 27.0,
      "p50": 30,
      "p90": 30,
      "n": 2
    },
    "total_cost_usd": 1.2071960000000002,
    "n": 2
  },
  "baseline/us.anthropic.claude-sonnet-4-5-20251001-v1_0": {
    "cost_usd": {
      "mean": 0.0,
      "p50": 0.0,
      "p90": 0.0,
      "n": 2
    },
    "time_s": {
      "mean": 0.13422393798828125,
      "p50": 0.13658595085144043,
      "p90": 0.13658595085144043,
      "n": 2
    },
    "tool_calls": {
      "mean": 0.0,
      "p50": 0,
      "p90": 0,
      "n": 2
    },
    "total_cost_usd": 0.0,
    "n": 2
  }
}