{
  "a/us.anthropic.claude-haiku-4-5-20251001-v1_0": {
    "cost_usd": {
      "mean": 0.23398639999999998,
      "p50": 0.15376599999999999,
      "p90": 0.46063200000000004,
      "n": 5
    },
    "time_s": {
      "mean": 1.5739483833312988,
      "p50": 1.5632469654083252,
      "p90": 2.420628070831299,
      "n": 5
    },
    "tool_calls": {
      "mean": 20.6,
      "p50": 17,
      "p90": 32,
      "n": 5
    },
    "total_cost_usd": 1.169932,
    "n": 5
  },
  "b/us.anthropic.claude-haiku-4-5-20251001-v1_0": {
    "cost_usd": {
      "mean": 0.4977946666666667,
      "p50": 0.30462500000000003,
      "p90": 1.018781,
      "n": 9
    },
    "time_s": {
      "mean": 1.6734463903639052,
      "p50": 1.5482771396636963,
      "p90": 2.659202814102173,
      "n": 9
    },
    "tool_calls": {
      "mean": 26.555555555555557,
      "p50": 29,
      "p90": 35,
      "n": 9
    },
    "total_cost_usd": 4.480152,
    "n": 9
  },
  "baseline/us.anthropic.claude-haiku-4-5-20251001-v1_0": {
    "cost_usd": {
      "mean": 0.6035980000000001,
      "p50": 0.6789900000000001,
      "p90": 0.6789900000000001,
      "n": 2
    },
    "time_s": {
      "mean": 1.769881010055542,
      "p50": 1.8015201091766357,
      "p90": 1.8015201091766357,
      "n": 2
    },
    "tool_calls": {
      "mean": 27.0,
      "p50": 30,
      "p90": 30,
      "n": 2
    },
    "total_cost_usd": 1.2071960000000002,
    "n": 2
  },
  "baseline/us.anthropic.claude-sonnet-4-5-20251001-v1_0": {
    "cost_usd": {
      "mean": 0.0,
      "p50": 0.0,
      "p90": 0.0,
      "n": 2
    },
    "time_s": {
      "mean": 0.13422393798828125,
      "p50": 0.13658595085144043,
      "p90": 0.13658595085144043,
      "n": 2
    },
    "tool_calls": {
      "mean": 0.0,
      "p50": 0,
      "p90": 0,
      "n": 2
    },
    "total_cost_usd": 0.0,
    "n": 2
  }
}